state,race_eth,year,demVote,repVote,pop,turnout
Alabama,Black,2004,0.867080366540318,0.12552010804552,794570,0.560658800814555
Alabama,Black,2012,0.938316542589228,0.0540540415043004,927468,0.60941291018261
Alabama,Hispanic,2004,0.415813548633892,0.576492606288989,16934,0.469276022944597
Alabama,Hispanic,2012,0.547760228519915,0.437504212883916,56041,0.435956708816148
Alabama,Other,2004,0.36033084226267,0.630079307175658,57037,0.447187949491657
Alabama,Other,2012,0.510633327900549,0.474114600997025,75369,0.467855091083844
Alabama,White,2004,0.210157262779545,0.783064661313999,2391511,0.587291197353758
Alabama,White,2012,0.161415293167867,0.82650623534048,2541758,0.570248547383356
Alaska,Black,2004,0.830945433123503,0.143359131915092,13596,0.710417647749129
Alaska,Black,2012,0.878565674079524,0.0909468735956439,21227,0.575060696214557
Alaska,Hispanic,2004,0.505943599271371,0.459193656227874,14276,0.64138441419746
Alaska,Hispanic,2012,0.567882642840066,0.381402207418029,26013,0.483456168020061
Alaska,Other,2004,0.351919277428586,0.548204311665926,88096,0.57620835030255
Alaska,Other,2012,0.491295532446355,0.45800943004629,118371,0.423445677576761
Alaska,White,2004,0.33125684388567,0.647976634140218,314147,0.773590410966228
Alaska,White,2012,0.355285159301079,0.602035234641149,361976,0.623213563792956
Arizona,Black,2004,0.853328755741311,0.137208190047958,104525,0.519057074125987
Arizona,Black,2012,0.913472885707319,0.0724597892613377,179197,0.510792871738409
Arizona,Hispanic,2004,0.572163717945795,0.416943241924999,589984,0.401919755528557
Arizona,Hispanic,2012,0.620204089419685,0.354150533453426,902035,0.386220458802478
Arizona,Other,2004,0.455063555587074,0.531080178152701,251974,0.374138957835993
Arizona,Other,2012,0.532877433957356,0.439796666053342,353431,0.384940836416323
Arizona,White,2004,0.410103080018913,0.581383133322288,2654021,0.614331251783183
Arizona,White,2012,0.377357619766426,0.603150066492477,3002262,0.576429389769723
Arkansas,Black,2004,0.857139370938943,0.130508226188764,269564,0.523357727987777
Arkansas,Black,2012,0.903140788919514,0.0788284005609941,324577,0.529962124558929
Arkansas,Hispanic,2004,0.503436407851152,0.483360155208172,36152,0.403971290469065
Arkansas,Hispanic,2012,0.527759175980355,0.437819465504884,62995,0.32470683533446
Arkansas,Other,2004,0.416424656633083,0.5642914613664,42609,0.410178541168405
Arkansas,Other,2012,0.491631203308106,0.475702474528848,60286,0.406326282570923
Arkansas,White,2004,0.379229430612188,0.609632382932637,1595880,0.552538366970272
Arkansas,White,2012,0.253627516081164,0.719734263593961,1714354,0.497274069411836
California,Black,2004,0.875927654153844,0.110918504107351,1416396,0.583124259005641
California,Black,2012,0.959120221994319,0.024463401877424,1606286,0.566992960437255
California,Hispanic,2004,0.619828511954105,0.364029501905895,4554713,0.452742443832083
California,Hispanic,2012,0.753535507557769,0.213495837454142,6414809,0.430134965045255
California,Other,2004,0.576145022680546,0.403098194270646,2842390,0.491525480940307
California,Other,2012,0.669681800197223,0.297682682891081,3825296,0.481016443387336
California,White,2004,0.48409444587865,0.504426982496936,11871168,0.685417402457223
California,White,2012,0.486277011832082,0.487800989158905,11974487,0.630156282533185
Colorado,Black,2004,0.856138672796994,0.129681236554343,108645,0.62242768949105
Colorado,Black,2012,0.937310318253275,0.0470220874627207,134073,0.685209615314096
Colorado,Hispanic,2004,0.598383892101014,0.384738769177311,379048,0.520984654013037
Colorado,Hispanic,2012,0.698048672922952,0.273902620995354,524315,0.609374562282565
Colorado,Other,2004,0.478099866684403,0.499075685755669,118237,0.522062418095733
Colorado,Other,2012,0.613282810018619,0.355043955706496,167338,0.603500882697474
Colorado,White,2004,0.441448311116013,0.546550943582547,2468413,0.730629784914558
Colorado,White,2012,0.46226555068491,0.513504445336737,2854029,0.721606205623998
Connecticut,Black,2004,0.873077863376138,0.107165556289539,187510,0.575260437220592
Connecticut,Black,2012,0.9643377595508,0.0275172838048502,224664,0.636727979425935
Connecticut,Hispanic,2004,0.604945157026101,0.370821767576072,182623,0.486228886734703
Connecticut,Hispanic,2012,0.724378116442753,0.260253810844393,264962,0.473054483623242
Connecticut,Other,2004,0.553261037015666,0.412561244833431,62328,0.519268744784123
Connecticut,Other,2012,0.657566623878244,0.325314717124576,99269,0.45260009964185
Connecticut,White,2004,0.51246026011513,0.471191455187731,1929294,0.699603250789928
Connecticut,White,2012,0.519255328766169,0.468603051596254,1972702,0.63145499162468
Delaware,Black,2004,0.887947104985929,0.102161416805751,103801,0.58967408005914
Delaware,Black,2012,0.968427230921622,0.0217297730921265,136231,0.656957759119546
Delaware,Hispanic,2004,0.637314959965597,0.351623889297139,18055,0.494161799329473
Delaware,Hispanic,2012,0.733460336858685,0.246947176281082,30286,0.508036171213068
Delaware,Other,2004,0.601501102283723,0.385897634282448,15334,0.522997434345317
Delaware,Other,2012,0.702326136527137,0.27818176346082,27900,0.464010210228617
Delaware,White,2004,0.455344903282184,0.535726673311148,444814,0.667963478969116
Delaware,White,2012,0.457745358254402,0.527332623075009,480556,0.616141967259478
District of Columbia,Black,2004,0.930733878417837,0.0527357815844531,210707,0.553146825733187
District of Columbia,Black,2012,0.986692608016762,0.00230754583054826,232568,0.621496367961222
District of Columbia,Hispanic,2004,0.87917418725418,0.104177418061764,17075,0.529178077026487
District of Columbia,Hispanic,2012,0.922590565148745,0.0531033948060074,25973,0.515757864548222
District of Columbia,Other,2004,0.873330304315471,0.102463311214164,15039,0.515955294564957
District of Columbia,Other,2012,0.9115713071132,0.0586794709370047,24786,0.442185809205089
District of Columbia,White,2004,0.846472500401997,0.141907047071741,124879,0.754641889096226
District of Columbia,White,2012,0.817692273726753,0.157710316951444,189202,0.659972073254411
Florida,Black,2004,0.859450094331797,0.131779209826771,1443146,0.61981129892731
Florida,Black,2012,0.957267255453123,0.034960566778129,1911087,0.6550182388976
Florida,Hispanic,2004,0.471457949278709,0.519359863050087,1504430,0.556934205942305
Florida,Hispanic,2012,0.580066284368993,0.407284072915509,2327609,0.564937150984118
Florida,Other,2004,0.450225791636359,0.538669903249772,299005,0.533887434240018
Florida,Other,2012,0.609602871175028,0.375043997102005,476735,0.550273487697601
Florida,White,2004,0.410626717565448,0.581602377684488,8312060,0.687895450997392
Florida,White,2012,0.373783900490901,0.615518500942841,8924842,0.634531202483385
Georgia,Black,2004,0.879388621903215,0.112771812762944,1623400,0.548807371406725
Georgia,Black,2012,0.932530974762074,0.0572767628985521,2118193,0.600665780171935
Georgia,Hispanic,2004,0.457991959692891,0.534039965524442,117529,0.454633953927895
Georgia,Hispanic,2012,0.553694450312762,0.426672716112511,274293,0.409337904266766
Georgia,Other,2004,0.416109517758376,0.574496819495789,159070,0.442054973869431
Georgia,Other,2012,0.467897967171501,0.510905894293103,247044,0.470806904529586
Georgia,White,2004,0.230998792363046,0.762010557586634,3896788,0.587611324062454
Georgia,White,2012,0.195540289235949,0.788585494720268,4255952,0.565667660067699
Hawaii,Black,2004,0.87323665692623,0.12047686930282,14579,0.537629203734206
Hawaii,Black,2012,0.97136133359482,0.0157914346093544,19012,0.445101998928647
Hawaii,Hispanic,2004,0.60189326081398,0.391227342533364,53442,0.446555700596973
Hawaii,Hispanic,2012,0.79367617373216,0.18736392099552,78485,0.387800617314847
Hawaii,Other,2004,0.545839842380633,0.445816253324565,555919,0.44649655007695
Hawaii,Other,2012,0.719954944434742,0.26370323129849,624300,0.39581137726699
Hawaii,White,2004,0.503126825891637,0.491309841393961,224607,0.663800141293182
Hawaii,White,2012,0.648159139294503,0.336372344278242,267084,0.556728021030902
Idaho,Black,2004,0.828429510467327,0.159134059022589,2666,0.558990827864852
Idaho,Black,2012,0.81357301368513,0.157355314709966,4776,0.567969165893233
Idaho,Hispanic,2004,0.487259014984956,0.494559906820634,38015,0.447111282603276
Idaho,Hispanic,2012,0.541374848359859,0.414504971105874,72634,0.427996968654455
Idaho,Other,2004,0.350050541533255,0.62548376814322,29479,0.481369821623337
Idaho,Other,2012,0.436946039660976,0.518981882526012,42883,0.452261211892228
Idaho,White,2004,0.2944912828378,0.692359778793518,870414,0.650000453116037
Idaho,White,2012,0.306978144809351,0.65866033966495,999276,0.603985215261308
Illinois,Black,2004,0.895477870262399,0.0968887267951913,1200014,0.589143014197914
Illinois,Black,2012,0.963420083855654,0.0247716583806176,1326568,0.613942537901107
Illinois,Hispanic,2004,0.639869467241817,0.351816306402561,656020,0.460166652285991
Illinois,Hispanic,2012,0.708894234392731,0.267276314023089,845858,0.385298839190898
Illinois,Other,2004,0.587178492763378,0.404373226091364,293197,0.525319094161476
Illinois,Other,2012,0.663004846049581,0.312782660539616,427398,0.537294895187668
Illinois,White,2004,0.480333689439839,0.512948902219169,6165015,0.666898884866973
Illinois,White,2012,0.477033626458913,0.503963007962897,6329855,0.613197080639581
Indiana,Black,2004,0.873400477234214,0.118033726221596,325252,0.541785267777459
Indiana,Black,2012,0.934716626819135,0.0515719906615638,410452,0.591186380748039
Indiana,Hispanic,2004,0.474276731002705,0.516445149584579,86678,0.409143618010323
Indiana,Hispanic,2012,0.584167243323359,0.389068450343662,155557,0.373510125722225
Indiana,Other,2004,0.428983688176958,0.559629740464764,78586,0.410089443137354
Indiana,Other,2012,0.553091131319433,0.417729854484281,105187,0.468009613415154
Indiana,White,2004,0.352709249104331,0.63949091584037,3829297,0.580810059381201
Indiana,White,2012,0.379427584410714,0.598814234546285,4098743,0.557038762090452
Iowa,Black,2004,0.897880861234751,0.0924827436017747,39383,0.631992055212497
Iowa,Black,2012,0.955298795016688,0.0319135457792842,57240,0.67040060645925
Iowa,Hispanic,2004,0.606073820465365,0.383454218263658,47949,0.522458325187198
Iowa,Hispanic,2012,0.716841499793266,0.259562165334424,60597,0.60642730849533
Iowa,Other,2004,0.604126825086497,0.383021184000793,32901,0.524523545583823
Iowa,Other,2012,0.64119680585342,0.33174245065995,50348,0.573885541469254
Iowa,White,2004,0.482000953828131,0.509435496457208,2008208,0.716912567870135
Iowa,White,2012,0.501308599684616,0.480507168907851,2111269,0.700130870903684
Kansas,Black,2004,0.860814430755692,0.123926230129282,83535,0.573065843942402
Kansas,Black,2012,0.897604846564423,0.0867824887682415,113390,0.589500490246701
Kansas,Hispanic,2004,0.529898621231085,0.452499086794866,64496,0.459787843038782
Kansas,Hispanic,2012,0.564150598155873,0.405096138543177,123109,0.349907444192073
Kansas,Other,2004,0.414650480481123,0.559780709572835,73643,0.44323191690073
Kansas,Other,2012,0.488912303840676,0.477714944965258,89346,0.450421654861316
Kansas,White,2004,0.338288790077137,0.648515143504233,1678327,0.642061731879264
Kansas,White,2012,0.333474551569492,0.642598142375376,1734022,0.580943270090231
Kentucky,Black,2004,0.867803299356672,0.123930557866317,190569,0.604726263075806
Kentucky,Black,2012,0.925751797858758,0.0626958293667969,248981,0.607912281780583
Kentucky,Hispanic,2004,0.48738683195457,0.503978381071145,22095,0.487648503110104
Kentucky,Hispanic,2012,0.58838023024125,0.390569548972184,51207,0.449756810804274
Kentucky,Other,2004,0.410702611534192,0.578662411316429,41937,0.494558209421655
Kentucky,Other,2012,0.582362018141394,0.393532962272475,61135,0.456555877936963
Kentucky,White,2004,0.363152885787052,0.629182883945147,2744615,0.600930199120808
Kentucky,White,2012,0.319251121217279,0.662837621041988,2929559,0.544705586403662
Louisiana,Black,2004,0.863372822214,0.12509744018831,948185,0.58962671430065
Louisiana,Black,2012,0.926402523082641,0.0620410119721992,1051440,0.614703193803262
Louisiana,Hispanic,2004,0.446469233372773,0.541461760748437,67007,0.532245261869101
Louisiana,Hispanic,2012,0.484628844821974,0.494825011615212,93959,0.485595390681288
Louisiana,Other,2004,0.381676800934798,0.601893895933964,67705,0.476873242151053
Louisiana,Other,2012,0.466648781046168,0.509475152514504,93839,0.477290953907245
Louisiana,White,2004,0.235063706074651,0.754882853292401,2084584,0.6313393615682
Louisiana,White,2012,0.133118164094563,0.848441149712687,2153179,0.583939797787286
Maine,Black,2004,0.87996510157407,0.0988340819883565,3501,0.667080790405823
Maine,Black,2012,0.95620036193148,0.0242351881821898,5297,0.710531431407568
Maine,Hispanic,2004,0.632561807532739,0.343204522469169,5470,0.62927049769351
Maine,Hispanic,2012,0.747025406231195,0.215032686043323,11090,0.598408028561002
Maine,Other,2004,0.565921365710436,0.391174338936623,18312,0.604185634353696
Maine,Other,2012,0.666914061350986,0.294238498809318,24516,0.514529435351071
Maine,White,2004,0.533696114400903,0.448205814673352,954229,0.758634031676328
Maine,White,2012,0.55687643976896,0.415909024764563,1003310,0.687888854145395
Maryland,Black,2004,0.870055507507048,0.117695949495778,1027518,0.584726414502242
Maryland,Black,2012,0.963194274474998,0.0220699474739369,1194093,0.689768852346967
Maryland,Hispanic,2004,0.612945397629776,0.373752551030105,99547,0.53605820538251
Maryland,Hispanic,2012,0.711350371993969,0.260211908459695,164832,0.572334315312465
Maryland,Other,2004,0.587283716081681,0.395295990466978,174661,0.508533463725886
Maryland,Other,2012,0.678062152598561,0.291855283562794,264330,0.50879512100259
Maryland,White,2004,0.442226283507153,0.546904340829936,2450551,0.670737778365231
Maryland,White,2012,0.438837513814621,0.537747482471095,2514086,0.658231269568707
Massachusetts,Black,2004,0.892047075234385,0.0934591911534815,195805,0.601009672923102
Massachusetts,Black,2012,0.966518202875378,0.0213933270787922,248059,0.69362959976794
Massachusetts,Hispanic,2004,0.677265450888157,0.305425182331992,209034,0.475222468600116
Massachusetts,Hispanic,2012,0.767539235477555,0.209849541799924,335821,0.535928475781965
Massachusetts,Other,2004,0.642633949512688,0.33553236336419,154757,0.51081716947414
Massachusetts,Other,2012,0.698851180588989,0.276004427893493,270447,0.497501700990879
Massachusetts,White,2004,0.604186497651085,0.383457245218103,3762991,0.695275942148537
Massachusetts,White,2012,0.568142419055817,0.413950015288909,3947553,0.67920102861348
Michigan,Black,2004,0.896090241520027,0.0935556928676293,917637,0.653629267020326
Michigan,Black,2012,0.95968806213332,0.0313656482309509,1003630,0.670012525669399
Michigan,Hispanic,2004,0.599902582060368,0.388559637116555,174733,0.534657787200299
Michigan,Hispanic,2012,0.66307642466661,0.319603859462824,213266,0.461140029214921
Michigan,Other,2004,0.598174618396451,0.387941854129146,188251,0.551170085556748
Michigan,Other,2012,0.613653767803779,0.366909419102357,244677,0.555578399096984
Michigan,White,2004,0.451132671243758,0.539567057810029,5772197,0.700301275143679
Michigan,White,2012,0.461264044222569,0.524374007557645,5894605,0.651203699483047
Minnesota,Black,2004,0.902824070140973,0.082906278676032,97864,0.754383597174464
Minnesota,Black,2012,0.954867774120667,0.0284126150809502,163055,0.73984707480283
Minnesota,Hispanic,2004,0.637967017297451,0.345715347067621,63184,0.655241669678537
Minnesota,Hispanic,2012,0.681837697559528,0.288877409639569,83535,0.579356596540814
Minnesota,Other,2004,0.642256269138631,0.334687406692577,130611,0.641976552003634
Minnesota,Other,2012,0.644218303923822,0.321724417794473,198314,0.633986693091317
Minnesota,White,2004,0.493702222714663,0.493740986198944,3280678,0.801453240363758
Minnesota,White,2012,0.49851636025948,0.477843411958271,3476699,0.759858775910171
Mississippi,Black,2004,0.83905089308655,0.152173814799809,699287,0.529371436160503
Mississippi,Black,2012,0.93195239707386,0.0612171831710903,793396,0.608739841092905
Mississippi,Hispanic,2004,0.38072321639296,0.610513222325552,17449,0.418827096586454
Mississippi,Hispanic,2012,0.50007578683132,0.485542656359662,31167,0.415065933397395
Mississippi,Other,2004,0.318932506631231,0.669794599778622,20954,0.424043174965608
Mississippi,Other,2012,0.460236661497616,0.525371906641893,32197,0.467050217642363
Mississippi,White,2004,0.185219098837998,0.807108034624025,1305289,0.586834733273124
Mississippi,White,2012,0.128385462893982,0.861044904117471,1347111,0.575036703834171
Missouri,Black,2004,0.8745968414511,0.118904047509566,420514,0.651215061379761
Missouri,Black,2012,0.942839041593047,0.0434903565153591,492785,0.655423169301397
Missouri,Hispanic,2004,0.550528078290781,0.44267624700415,70082,0.523766891035754
Missouri,Hispanic,2012,0.638103488813167,0.336461319547547,96517,0.487381097096571
Missouri,Other,2004,0.458575479175623,0.53366323434101,86187,0.517930652282181
Missouri,Other,2012,0.627977510206923,0.34384510580509,125920,0.507847510592303
Missouri,White,2004,0.412002188170962,0.582062071741699,3537010,0.671802858256208
Missouri,White,2012,0.364465011027065,0.614056310036702,3787956,0.615032903049877
Montana,Black,2004,0.853931151160504,0.120634672786213,1685,0.581062357355655
Montana,Black,2012,0.918598065380812,0.0621400685892306,1661,0.600709397986741
Montana,Hispanic,2004,0.5439802948757,0.423140224376756,10686,0.527979154153611
Montana,Hispanic,2012,0.636289744562666,0.327946266990749,18743,0.478251028660629
Montana,Other,2004,0.410091000088879,0.523609490448225,47198,0.450341744830805
Montana,Other,2012,0.544782775248086,0.416712851657558,61733,0.459547937427646
Montana,White,2004,0.381211904800806,0.597365824550915,628144,0.672725832518412
Montana,White,2012,0.402919410356923,0.567304136796963,696941,0.640159052316952
Nebraska,Black,2004,0.854564297187845,0.129568454253668,41222,0.578349991778443
Nebraska,Black,2012,0.901949461404573,0.0834656831313914,53970,0.609803104183658
Nebraska,Hispanic,2004,0.506598991689383,0.474737803797123,41743,0.460814431217243
Nebraska,Hispanic,2012,0.590216949216331,0.382885429735298,62534,0.385066185883496
Nebraska,Other,2004,0.383607675560526,0.589645145122701,28831,0.434507512717979
Nebraska,Other,2012,0.520437265433861,0.449215321923316,33790,0.475244243809276
Nebraska,White,2004,0.303639039586732,0.68256094924527,1110386,0.6507486527215
Nebraska,White,2012,0.346342551968443,0.632004415578749,1173029,0.614929122874463
Nevada,Black,2004,0.851045418126376,0.131876248432847,104703,0.516547950484436
Nevada,Black,2012,0.93978876555312,0.0478986850695997,159277,0.557007178029404
Nevada,Hispanic,2004,0.587401552394855,0.391470349634468,160324,0.408785084581105
Nevada,Hispanic,2012,0.693555324263731,0.281996231505237,290533,0.467342479205112
Nevada,Other,2004,0.476793759552251,0.491984520962724,111948,0.432739754989412
Nevada,Other,2012,0.583446647697323,0.392009701935101,196725,0.480969005096174
Nevada,White,2004,0.437729214706513,0.5473262400283,1084473,0.609992567317742
Nevada,White,2012,0.42917586601888,0.551790295995164,1177408,0.59096127070184
New Hampshire,Black,2004,0.891384899404581,0.0991595532811361,5476,0.657213084030104
New Hampshire,Black,2012,0.953195062227266,0.0339046033781432,8168,0.738422111987544
New Hampshire,Hispanic,2004,0.612641031697686,0.377437373958054,11267,0.607001807155743
New Hampshire,Hispanic,2012,0.69994923061071,0.28118384323125,22271,0.699550185912817
New Hampshire,Other,2004,0.54589450797836,0.440680722594142,16334,0.581840792351319
New Hampshire,Other,2012,0.652342030712361,0.326208472588417,26097,0.553226567052962
New Hampshire,White,2004,0.498520683724118,0.492721999556706,894332,0.735516815513663
New Hampshire,White,2012,0.508929893021551,0.475051141075292,958933,0.703827412668135
New Jersey,Black,2004,0.890397246361663,0.100480020825671,682738,0.588039341947586
New Jersey,Black,2012,0.970056676071691,0.021816549960368,788582,0.647854148323777
New Jersey,Hispanic,2004,0.635258884586676,0.354578850972912,595285,0.502777284033806
New Jersey,Hispanic,2012,0.743296884663747,0.241179592595014,769827,0.510052823029991
New Jersey,Other,2004,0.604106604936043,0.385098655826116,336067,0.529246816275446
New Jersey,Other,2012,0.704917481975339,0.278360754573641,469807,0.48934571011169
New Jersey,White,2004,0.459622125759758,0.532300348740889,4017639,0.680375223085902
New Jersey,White,2012,0.4675312538277,0.519882079895879,3989626,0.631062512252831
New Mexico,Black,2004,0.847036824515302,0.141890543132776,26991,0.567560197000156
New Mexico,Black,2012,0.927076819393866,0.0439910977138543,24654,0.542086736683171
New Mexico,Hispanic,2004,0.5862647069043,0.401015647614175,474812,0.492555563665499
New Mexico,Hispanic,2012,0.657858051766955,0.296990449707717,584605,0.456079673992839
New Mexico,Other,2004,0.462712948196941,0.519744997697539,131968,0.440978774648727
New Mexico,Other,2012,0.58060567557718,0.366032019051897,161265,0.413814025881081
New Mexico,White,2004,0.431989500472592,0.558505977216414,639690,0.701775240691927
New Mexico,White,2012,0.43199708693534,0.52991033191143,686045,0.637031414133933
New York,Black,2004,0.888162089909066,0.0953109912734268,1661230,0.539840897303105
New York,Black,2012,0.970588834632334,0.0199518129471245,1856427,0.577875295902069
New York,Hispanic,2004,0.687261126977498,0.292884098620589,1468435,0.461249324721147
New York,Hispanic,2012,0.79291911002664,0.189421731686849,1762204,0.433649417334811
New York,Other,2004,0.60735020074236,0.364811338314295,750600,0.451791752488183
New York,Other,2012,0.716213627713603,0.263517097500746,1006445,0.369968263347788
New York,White,2004,0.519522887595774,0.466350230960504,8568977,0.639367402797611
New York,White,2012,0.527896695848696,0.456920682921353,8769810,0.555567480882628
North Carolina,Black,2004,0.882958280097674,0.11118332977627,1190518,0.581329158930938
North Carolina,Black,2012,0.957366143381099,0.0342397626658242,1531584,0.687586530318596
North Carolina,Hispanic,2004,0.536941798349077,0.456997774197903,105102,0.420876604658839
North Carolina,Hispanic,2012,0.665446838168876,0.317199811114083,213744,0.534937872475449
North Carolina,Other,2004,0.465583578602509,0.527821798045766,168656,0.447904853416405
North Carolina,Other,2012,0.594639989273455,0.386596308532445,260929,0.548625977866613
North Carolina,White,2004,0.317422430782783,0.677254661839828,4355357,0.61743442873172
North Carolina,White,2012,0.315821374710673,0.670695407006818,4997960,0.639217457295959
North Dakota,Black,2004,0.862447485321859,0.122492015474833,1902,0.672508304192913
North Dakota,Black,2012,0.875087366849549,0.0995915129839949,4203,0.569464833807623
North Dakota,Hispanic,2004,0.560429742176955,0.4186093391333,4299,0.51329867222064
North Dakota,Hispanic,2012,0.607585856326716,0.354445540986678,9409,0.416020963450605
North Dakota,Other,2004,0.427029348851195,0.538654936891416,26195,0.480944968435686
North Dakota,Other,2012,0.533188438336249,0.425316169783617,34889,0.474156279263238
North Dakota,White,2004,0.348214587431105,0.636175712789528,433399,0.684701314175772
North Dakota,White,2012,0.372056570557808,0.598783954038738,488037,0.614249247196968
Ohio,Black,2004,0.883583592237609,0.110453962083764,865161,0.655892151290412
Ohio,Black,2012,0.95184069933252,0.0363386686148752,992072,0.688624024470053
Ohio,Hispanic,2004,0.544244117305386,0.449600394427166,132162,0.545075039139571
Ohio,Hispanic,2012,0.651087365999251,0.326098664957361,184836,0.519126857076234
Ohio,Other,2004,0.504653993758977,0.488789705515808,143144,0.557522592578107
Ohio,Other,2012,0.616589193131624,0.358215884371248,224097,0.589387623217848
Ohio,White,2004,0.439668711643188,0.554835086086151,7081111,0.693197927367015
Ohio,White,2012,0.434539894450738,0.546613798443601,7291769,0.641783366615691
Oklahoma,Black,2004,0.855895961207748,0.138554800749042,162145,0.607583899070445
Oklahoma,Black,2012,0.895778367573413,0.100883562876015,193125,0.551367020741588
Oklahoma,Hispanic,2004,0.438423630754469,0.556094229699828,80196,0.423317894747884
Oklahoma,Hispanic,2012,0.50985523327444,0.483687491636884,123718,0.334095983868014
Oklahoma,Other,2004,0.346424179270123,0.648145658561932,302161,0.447665592252615
Oklahoma,Other,2012,0.481082035832747,0.511978591342222,374413,0.378846969289532
Oklahoma,White,2004,0.297008298107834,0.697727806621521,1930919,0.619407558471365
Oklahoma,White,2012,0.245447000243226,0.749453462152326,2055057,0.508604056048154
Oregon,Black,2004,0.884794797920796,0.100050723121793,36074,0.679134850799487
Oregon,Black,2012,0.944331867163578,0.0298348159202268,46154,0.59728161504778
Oregon,Hispanic,2004,0.612995426897508,0.368321382679931,102916,0.574354108702244
Oregon,Hispanic,2012,0.688937439073601,0.265408328477134,168365,0.486990431145567
Oregon,Other,2004,0.546891162825436,0.426795356715854,136291,0.594490287007407
Oregon,Other,2012,0.613771828161688,0.340218965715669,195583,0.503605725622023
Oregon,White,2004,0.502910261338914,0.483227130657599,2212914,0.755632160611689
Oregon,White,2012,0.523340667312899,0.44148395236975,2428612,0.651077323979257
Pennsylvania,Black,2004,0.883232469222258,0.109647772772722,784598,0.583271886517783
Pennsylvania,Black,2012,0.958392640759186,0.0319274047807468,961788,0.639471708998534
Pennsylvania,Hispanic,2004,0.572493439009923,0.419735261472411,234864,0.481735348659024
Pennsylvania,Hispanic,2012,0.692139785013763,0.288543737841872,408281,0.476043127475398
Pennsylvania,Other,2004,0.533943771039764,0.457881053286565,176201,0.525632455915327
Pennsylvania,Other,2012,0.655633582547034,0.323086342939095,286670,0.440757596363454
Pennsylvania,White,2004,0.473869782368969,0.519715789126269,7708645,0.662398746965119
Pennsylvania,White,2012,0.453012687370861,0.531942234042224,8044963,0.599116793803739
Rhode Island,Black,2004,0.885260433264991,0.0934367165619908,26076,0.509918120411417
Rhode Island,Black,2012,0.967985964388756,0.0180042332674894,30574,0.624657679052149
Rhode Island,Hispanic,2004,0.658537547811779,0.314171853589388,41267,0.404245246753369
Rhode Island,Hispanic,2012,0.782376229134445,0.191204232834382,60047,0.461182173632769
Rhode Island,Other,2004,0.602073888779397,0.354336902331879,23528,0.416442331795529
Rhode Island,Other,2012,0.716209743600485,0.253998504494145,32366,0.40020273516156
Rhode Island,White,2004,0.581602847161708,0.400372084911659,642793,0.618173084080691
Rhode Island,White,2012,0.596023781118426,0.383829141570506,646815,0.597242099531581
South Carolina,Black,2004,0.88549393838025,0.102034466626947,805800,0.50273256878607
South Carolina,Black,2012,0.943163739526102,0.0475254561036587,953297,0.58255975202756
South Carolina,Hispanic,2004,0.480478970218054,0.50654288989604,31330,0.429795138369222
South Carolina,Hispanic,2012,0.597327155373381,0.383168502162143,81876,0.412772148722222
South Carolina,Other,2004,0.441996217206299,0.53973343282362,55583,0.392880955207468
South Carolina,Other,2012,0.52579405841171,0.452289269413605,84692,0.409871449377091
South Carolina,White,2004,0.243655505694759,0.7457858154609,2060812,0.571291856473144
South Carolina,White,2012,0.226608510369523,0.758512801142608,2394140,0.559807100326763
South Dakota,Black,2004,0.854390843418582,0.127784812780164,2810,0.651732289738542
South Dakota,Black,2012,0.908481771513677,0.0753640853279149,5710,0.559094999263704
South Dakota,Hispanic,2004,0.553477254756423,0.424811630028121,5496,0.566670058529186
South Dakota,Hispanic,2012,0.636963554897346,0.333290743424205,11296,0.36835714561823
South Dakota,Other,2004,0.459798575300839,0.505778953716184,16234,0.529094344987278
South Dakota,Other,2012,0.556806451653162,0.412008914243325,56850,0.442995749299642
South Dakota,White,2004,0.379006671450077,0.605003481649088,522448,0.71716208296932
South Dakota,White,2012,0.378732765147415,0.599517193436012,544739,0.608139488376224
Tennessee,Black,2004,0.85264913110352,0.14011049749181,635583,0.560621068172126
Tennessee,Black,2012,0.915669490061308,0.0738638391103661,776865,0.553681586930711
Tennessee,Hispanic,2004,0.470302849104845,0.522270020558453,43354,0.443117598587592
Tennessee,Hispanic,2012,0.524963646079465,0.455882994446448,98411,0.384976103801002
Tennessee,Other,2004,0.396133031537408,0.595179468808834,78664,0.466105351990807
Tennessee,Other,2012,0.520261022543699,0.457681534015214,109357,0.405159308888801
Tennessee,White,2004,0.349911343389019,0.643458139670241,3474611,0.582151829294325
Tennessee,White,2012,0.268866602034633,0.714885645741451,3819470,0.510169019402629
Texas,Black,2004,0.872203344872679,0.120594760912708,1585969,0.548562880330073
Texas,Black,2012,0.929875513656987,0.0601445831255627,2136458,0.551501983057352
Texas,Hispanic,2004,0.493431741369043,0.498415753506236,3378681,0.392349743623664
Texas,Hispanic,2012,0.584165150318166,0.397950356500652,4539748,0.352657899859711
Texas,Other,2004,0.400694191629086,0.59071000777233,498796,0.437461145295046
Texas,Other,2012,0.551861644205943,0.427862119924964,765608,0.42566931650237
Texas,White,2004,0.266632674534356,0.726924267384372,8273743,0.603950688931537
Texas,White,2012,0.224210468866496,0.760529523476561,9105840,0.537514643653908
Utah,Black,2004,0.822757735333619,0.148419864578734,11185,0.515907594139996
Utah,Black,2012,0.787711292541687,0.193896794776923,15405,0.532928232912123
Utah,Hispanic,2004,0.421030527511457,0.541516757647652,93516,0.422667792785241
Utah,Hispanic,2012,0.423987499557775,0.544666222584438,138849,0.421312656745491
Utah,Other,2004,0.29627121385417,0.635941491126557,43085,0.452535911363733
Utah,Other,2012,0.339966311518941,0.624527937056791,86085,0.405039099091891
Utah,White,2004,0.247996156153539,0.728905948832801,1368637,0.630590771707166
Utah,White,2012,0.22701286007214,0.745547021591909,1594065,0.576692047574625
Vermont,Black,2004,0.874988432400531,0.103228786071534,1488,0.680251678367743
Vermont,Black,2012,0.960816690073329,0.0147164778370493,3853,0.610159282605449
Vermont,Hispanic,2004,0.6682740749112,0.299754287973468,3356,0.571812651741499
Vermont,Hispanic,2012,0.818628966431689,0.150294622102745,7732,0.52745469686354
Vermont,Other,2004,0.60554143684107,0.332671380028573,8258,0.545473313945113
Vermont,Other,2012,0.750760972768539,0.217570562673915,11336,0.443516731829186
Vermont,White,2004,0.58769086173887,0.390331887752873,442569,0.68887170905167
Vermont,White,2012,0.659642653928064,0.316004612966274,471861,0.609995466877061
Virginia,Black,2004,0.88744839265039,0.103325461381028,937411,0.594029521706191
Virginia,Black,2012,0.962402042017343,0.0274442581709062,1133338,0.693577127266938
Virginia,Hispanic,2004,0.566206585795104,0.424433377840925,129083,0.509626541557066
Virginia,Hispanic,2012,0.698642134552951,0.280737860634199,271115,0.575869876892902
Virginia,Other,2004,0.494857370255618,0.493946185441128,220248,0.510829375090108
Virginia,Other,2012,0.635465884479978,0.343234131452711,352447,0.596678919839943
Virginia,White,2004,0.352238844648781,0.639782595592026,3782726,0.651176934393216
Virginia,White,2012,0.359955744541506,0.623587254060643,4125895,0.65488991617776
Washington,Black,2004,0.881211287872281,0.102251630367793,116808,0.636042315147051
Washington,Black,2012,0.950006955789753,0.0291109410621956,165955,0.626676386619421
Washington,Hispanic,2004,0.615021519293723,0.363799316503609,206537,0.492221340443979
Washington,Hispanic,2012,0.698632185370284,0.262245644165652,298620,0.504438862606288
Washington,Other,2004,0.554259707274666,0.414115278711475,359552,0.505101773134714
Washington,Other,2012,0.621624671338475,0.338208622731878,516584,0.52690678741106
Washington,White,2004,0.511770496015354,0.473257199021486,3566055,0.702217407602172
Washington,White,2012,0.52771528686398,0.441398882297191,3898826,0.671774213708573
West Virginia,Black,2004,0.879269855215823,0.113022832838473,40784,0.56296541779608
West Virginia,Black,2012,0.920621867218414,0.0629240034838547,46729,0.519048734862709
West Virginia,Hispanic,2004,0.550529646353074,0.441395096191272,6112,0.48013153755437
West Virginia,Hispanic,2012,0.579149548669059,0.39323402013473,12925,0.373550257470551
West Virginia,Other,2004,0.460541309301218,0.529322101342069,17891,0.437943440914427
West Virginia,Other,2012,0.568566914430207,0.400418022930963,26734,0.382984275470516
West Virginia,White,2004,0.416985329820671,0.575692275736104,1317394,0.548171016783639
West Virginia,White,2012,0.327627792417794,0.648122711971016,1372519,0.461048286765762
Wisconsin,Black,2004,0.907362655325695,0.0815895595321229,181900,0.709931775723371
Wisconsin,Black,2012,0.962691795334732,0.0287448992707417,235988,0.721180037638267
Wisconsin,Hispanic,2004,0.622477555592349,0.365564491665683,89555,0.597464594800311
Wisconsin,Hispanic,2012,0.69354066642298,0.290602986607606,134658,0.540201555787586
Wisconsin,Other,2004,0.622732640942946,0.362456619173559,97274,0.6200698185929
Wisconsin,Other,2012,0.651465353331532,0.329415814077649,138332,0.601442224367334
Wisconsin,White,2004,0.472563647760712,0.517842048190058,3565409,0.772435307324642
Wisconsin,White,2012,0.493196307397025,0.493938038620455,3762806,0.728792022894933
Wyoming,Black,2004,0.836061655217479,0.141538441214899,2246,0.595977642005925
Wyoming,Black,2012,0.814733160189869,0.157209915113438,3305,0.519531350677912
Wyoming,Hispanic,2004,0.463891158410362,0.506324323920011,17548,0.487786526165939
Wyoming,Hispanic,2012,0.471416353995785,0.48692144781897,31171,0.444273653273494
Wyoming,Other,2004,0.322016648766956,0.627230398394544,12584,0.474996248134767
Wyoming,Other,2012,0.383632364815726,0.574623746619371,16872,0.440505715654588
Wyoming,White,2004,0.280204952402806,0.700306340916716,336293,0.676649242312043
Wyoming,White,2012,0.25880999320408,0.706343045666016,379538,0.595627532947107
